<?xml version="1.0" encoding="utf-8" standalone="yes"?><rss version="2.0" xmlns:atom="http://www.w3.org/2005/Atom"><channel><title>Writing Tips on Energize Your Writing</title><link>/categories/writing-tips/</link><description>Recent content in Writing Tips on Energize Your Writing</description><generator>Hugo -- gohugo.io</generator><language>en-us</language><lastBuildDate>Wed, 11 Sep 2019 00:00:00 +0000</lastBuildDate><atom:link href="/categories/writing-tips/index.xml" rel="self" type="application/rss+xml"/><item><title>Become a better writer With These Writing Tips</title><link>/blog/9_11_19_post_2/</link><pubDate>Wed, 11 Sep 2019 00:00:00 +0000</pubDate><guid>/blog/9_11_19_post_2/</guid><description>Take these writing tips as advice to improve your writing. Writing can be a very tricky skill to improve at , especially if you have no clue what you need to work on, However, there is a very noticable difference between a novice writer and an expert writer. Here are a few tips that I have learned along the way as I became better at writing.
Speak to emotions, not logic Writing is a skill that is very difficult to grade on a scale.</description></item><item><title>Can I Become a Better Writer?</title><link>/blog/8_20_19_post_1/</link><pubDate>Thu, 22 Aug 2019 00:00:00 +0000</pubDate><guid>/blog/8_20_19_post_1/</guid><description>Can I become a better writer? Becoming a better writer takes time, but there is an untalked of mindset that great writers have that gives them the edge above the rest. You can use this information to improve your writing skills and perfect your craft.
Most people tend to believe that writers are born with talent and skill.
This is dead wrong! However, the type of writing at which you perform best depends largely on the way you think.</description></item></channel></rss>