<?xml version="1.0" encoding="utf-8" standalone="yes"?><rss version="2.0" xmlns:atom="http://www.w3.org/2005/Atom"><channel><title>Blog on Energize Your Writing</title><link>/blog/</link><description>Recent content in Blog on Energize Your Writing</description><generator>Hugo -- gohugo.io</generator><language>en-us</language><lastBuildDate>Mon, 16 Sep 2019 00:00:00 +0000</lastBuildDate><atom:link href="/blog/index.xml" rel="self" type="application/rss+xml"/><item><title>The Ultimate Guide To Curing Writer&#39;s Block</title><link>/blog/09_16__19_post_3/</link><pubDate>Mon, 16 Sep 2019 00:00:00 +0000</pubDate><guid>/blog/09_16__19_post_3/</guid><description>Hello, world! --- Writer&amp;rsquo;s block is a common problem that all writers face. By figuring out what causes writer&amp;rsquo;s block, we can easily break down how to cure it. In this guide, I will break down common misconceptions of writers block and prove that it can easily be cured by following this simple step-by-step process that I crafted throughout my years of writing. In order to solve the problem, we must first understand the problem.</description></item><item><title>Become a better writer With These Writing Tips</title><link>/blog/9_11_19_post_2/</link><pubDate>Wed, 11 Sep 2019 00:00:00 +0000</pubDate><guid>/blog/9_11_19_post_2/</guid><description>Take these writing tips as advice to improve your writing. Writing can be a very tricky skill to improve at , especially if you have no clue what you need to work on, However, there is a very noticable difference between a novice writer and an expert writer. Here are a few tips that I have learned along the way as I became better at writing.
Speak to emotions, not logic Writing is a skill that is very difficult to grade on a scale.</description></item><item><title>Can I Become a Better Writer?</title><link>/blog/8_20_19_post_1/</link><pubDate>Thu, 22 Aug 2019 00:00:00 +0000</pubDate><guid>/blog/8_20_19_post_1/</guid><description>Can I become a better writer? Becoming a better writer takes time, but there is an untalked of mindset that great writers have that gives them the edge above the rest. You can use this information to improve your writing skills and perfect your craft.
Most people tend to believe that writers are born with talent and skill.
This is dead wrong! However, the type of writing at which you perform best depends largely on the way you think.</description></item></channel></rss>