<?xml version="1.0" encoding="utf-8" standalone="yes"?><rss version="2.0" xmlns:atom="http://www.w3.org/2005/Atom"><channel><title>Categories on Energize Your Writing</title><link>/categories/</link><description>Recent content in Categories on Energize Your Writing</description><generator>Hugo -- gohugo.io</generator><language>en-us</language><lastBuildDate>Mon, 16 Sep 2019 00:00:00 +0000</lastBuildDate><atom:link href="/categories/index.xml" rel="self" type="application/rss+xml"/><item><title>Creative Writing</title><link>/categories/creative-writing/</link><pubDate>Mon, 16 Sep 2019 00:00:00 +0000</pubDate><guid>/categories/creative-writing/</guid><description/></item><item><title>Writing Tips</title><link>/categories/writing-tips/</link><pubDate>Wed, 11 Sep 2019 00:00:00 +0000</pubDate><guid>/categories/writing-tips/</guid><description/></item></channel></rss>