<?xml version="1.0" encoding="utf-8" standalone="yes"?><rss version="2.0" xmlns:atom="http://www.w3.org/2005/Atom"><channel><title>Creative Writing on Energize Your Writing</title><link>/categories/creative-writing/</link><description>Recent content in Creative Writing on Energize Your Writing</description><generator>Hugo -- gohugo.io</generator><language>en-us</language><lastBuildDate>Mon, 16 Sep 2019 00:00:00 +0000</lastBuildDate><atom:link href="/categories/creative-writing/index.xml" rel="self" type="application/rss+xml"/><item><title>The Ultimate Guide To Curing Writer&#39;s Block</title><link>/blog/09_16__19_post_3/</link><pubDate>Mon, 16 Sep 2019 00:00:00 +0000</pubDate><guid>/blog/09_16__19_post_3/</guid><description>Hello, world! --- Writer&amp;rsquo;s block is a common problem that all writers face. By figuring out what causes writer&amp;rsquo;s block, we can easily break down how to cure it. In this guide, I will break down common misconceptions of writers block and prove that it can easily be cured by following this simple step-by-step process that I crafted throughout my years of writing. In order to solve the problem, we must first understand the problem.</description></item></channel></rss>